{
    "EWR": {
        "EGE": 1725.5363636363636,
        "MCO": 937.0,
        "PBI": 1023.0,
        "DTW": 488.0,
        "GSO": 445.0,
        "ROC": 246.0,
        "STT": 1634.0,
        "CMH": 463.0,
        "TPA": 997.0,
        "DAY": 533.0,
        "BWI": 169.0,
        "SAV": 708.0,
        "JAX": 820.0,
        "FLL": 1065.0,
        "SAN": 2425.0,
        "STL": 872.0,
        "SLC": 1969.0,
        "JAC": 1874.0,
        "PHX": 2133.0,
        "CHS": 628.0,
        "MEM": 946.0,
        "IAH": 1400.0,
        "AVL": 583.0,
        "CAE": 602.0,
        "LAX": 2454.0,
        "PDX": 2434.0,
        "SEA": 2402.0,
        "CLE": 404.0,
        "DSM": 1017.0,
        "DEN": 1605.0,
        "DCA": 199.0,
        "AUS": 1504.0,
        "ORD": 719.0,
        "MYR": 550.0,
        "MSY": 1167.0,
        "ORF": 284.0,
        "TYS": 631.0,
        "MSP": 1008.0,
        "PIT": 319.0,
        "MHT": 209.0,
        "IND": 645.0,
        "HDN": 1728.0,
        "CLT": 529.0,
        "BTV": 266.0,
        "TUL": 1215.0,
        "HOU": 1411.0,
        "SDF": 642.0,
        "IAD": 212.0,
        "XNA": 1131.0,
        "PWM": 284.0,
        "BNA": 748.0,
        "SFO": 2565.0,
        "ATL": 746.0,
        "PVD": 160.0,
        "BOS": 200.0,
        "BQN": 1585.0,
        "LAS": 2227.0,
        "DFW": 1372.0,
        "BZN": 1882.0,
        "RSW": 1068.0,
        "GSP": 594.0,
        "RDU": 416.0,
        "MTJ": 1795.0,
        "GRR": 605.0,
        "ALB": 143.0,
        "SNA": 2434.0,
        "CVG": 569.0,
        "SYR": 195.0,
        "MIA": 1085.0,
        "MDW": 711.0,
        "SJU": 1608.0,
        "RIC": 277.0,
        "BUF": 282.0,
        "PHL": 80.0,
        "OKC": 1325.0,
        "BDL": 116.0,
        "MSN": 799.0,
        "MCI": 1092.0,
        "SAT": 1569.0,
        "OMA": 1134.0,
        "HNL": 4963.0,
        "MKE": 725.0,
        "SBN": 637.0,
        "ANC": 3370.0,
        "TVC": 644.0,
        "LGA": 17.0
    },
    "JFK": {
        "EGE": 1746.5728155339805,
        "BQN": 1576.0,
        "ORD": 740.0,
        "SRQ": 1041.0,
        "BTV": 266.0,
        "ORF": 290.0,
        "MIA": 1089.0,
        "SFO": 2586.0,
        "PIT": 340.0,
        "RSW": 1074.0,
        "PHL": 94.0,
        "MSY": 1182.0,
        "BUR": 2465.0,
        "SJU": 1598.0,
        "MCI": 1113.0,
        "PDX": 2454.0,
        "CMH": 483.0,
        "DEN": 1626.0,
        "IND": 665.0,
        "HNL": 4983.0,
        "ABQ": 1826.0,
        "SJC": 2569.0,
        "ATL": 760.0,
        "DFW": 1391.0,
        "SYR": 209.0,
        "CLT": 541.0,
        "PSP": 2378.0,
        "PHX": 2153.0,
        "SMF": 2521.0,
        "ROC": 264.0,
        "CHS": 636.0,
        "LGB": 2465.0,
        "IAD": 228.0,
        "BNA": 765.0,
        "RIC": 288.0,
        "BOS": 187.0,
        "LAS": 2248.0,
        "SEA": 2422.0,
        "OAK": 2576.0,
        "LAX": 2475.0,
        "CLE": 425.0,
        "MVY": 173.0,
        "SAT": 1587.0,
        "PWM": 273.0,
        "STT": 1623.0,
        "ACK": 199.0,
        "BWI": 184.0,
        "MCO": 944.0,
        "RDU": 427.0,
        "MSP": 1029.0,
        "FLL": 1069.0,
        "DTW": 509.0,
        "SLC": 1990.0,
        "PSE": 1617.0,
        "AUS": 1521.0,
        "SAN": 2446.0,
        "DCA": 213.0,
        "CVG": 589.0,
        "IAH": 1417.0,
        "BUF": 301.0,
        "PBI": 1028.0,
        "JAX": 828.0,
        "TPA": 1005.0,
        "HOU": 1428.0,
        "JAC": 1894.0,
        "SDF": 662.0,
        "MKE": 745.0,
        "MEM": 964.0,
        "STL": 892.0,
        "BHM": 865.0
    },
    "LGA": {
        "CRW": 444.0,
        "MEM": 963.0,
        "CMH": 479.0,
        "DSM": 1031.0,
        "PWM": 269.0,
        "CVG": 585.0,
        "ORF": 296.0,
        "BNA": 764.0,
        "GSO": 461.0,
        "SDF": 659.0,
        "BHM": 866.0,
        "RSW": 1080.0,
        "DAY": 549.0,
        "FLL": 1076.0,
        "MKE": 738.0,
        "EYW": 1207.0,
        "SAV": 722.0,
        "DFW": 1389.0,
        "RDU": 431.0,
        "MSY": 1183.0,
        "PBI": 1035.0,
        "ROC": 254.0,
        "BTV": 258.0,
        "ILM": 500.0,
        "BGR": 378.0,
        "IND": 660.0,
        "JAX": 833.0,
        "DTW": 502.0,
        "DCA": 214.0,
        "XNA": 1147.0,
        "PIT": 335.0,
        "GSP": 610.0,
        "IAH": 1416.0,
        "CLT": 544.0,
        "SYR": 198.0,
        "BWI": 185.0,
        "MIA": 1096.0,
        "CAK": 397.0,
        "MCI": 1107.0,
        "ORD": 733.0,
        "CHS": 641.0,
        "SBN": 651.0,
        "CLE": 419.0,
        "GRR": 618.0,
        "MCO": 950.0,
        "PHL": 96.0,
        "STL": 888.0,
        "BUF": 292.0,
        "DEN": 1620.0,
        "HOU": 1428.0,
        "TPA": 1010.0,
        "MDW": 725.0,
        "MSN": 812.0,
        "ATL": 762.0,
        "MSP": 1020.0,
        "BOS": 184.0,
        "OMA": 1148.0,
        "TYS": 647.0,
        "IAD": 229.0,
        "RIC": 292.0,
        "SRQ": 1047.0,
        "CHO": 305.0,
        "MHT": 195.0,
        "CAE": 617.0,
        "AVL": 599.0,
        "TVC": 655.0,
        "MYR": 563.0,
        "LEX": 604.0
    }
}